<?xml version="1.0" encoding="UTF-8"?>
<export version="E">
  <design>
    <source>/Users/tobias/Entwicklung/NE2Pi/NE2Pi.kicad_sch</source>
    <date>2022 October 27, Thursday 23:32:44</date>
    <tool>Eeschema (6.0.4-0)</tool>
    <sheet number="1" name="/" tstamps="/">
      <title_block>
        <title/>
        <company/>
        <rev/>
        <date/>
        <source>NE2Pi.kicad_sch</source>
        <comment number="1" value=""/>
        <comment number="2" value=""/>
        <comment number="3" value=""/>
        <comment number="4" value=""/>
        <comment number="5" value=""/>
        <comment number="6" value=""/>
        <comment number="7" value=""/>
        <comment number="8" value=""/>
        <comment number="9" value=""/>
      </title_block>
    </sheet>
  </design>
  <components>
    <comp ref="C1">
      <value>33nF</value>
      <footprint>Capacitor_SMD:C_0805_2012Metric_Pad1.18x1.45mm_HandSolder</footprint>
      <fields>
        <field name="LCSC">C1739</field>
      </fields>
      <libsource lib="Device" part="C" description="Unpolarized capacitor"/>
      <property name="LCSC" value="C1739"/>
      <property name="Sheetname" value=""/>
      <property name="Sheetfile" value="NE2Pi.kicad_sch"/>
      <sheetpath names="/" tstamps="/"/>
      <tstamps>fd768428-ea8f-4b7b-8396-2af58fab27a5</tstamps>
    </comp>
    <comp ref="C2">
      <value>10µF</value>
      <footprint>Capacitor_SMD:C_0805_2012Metric_Pad1.18x1.45mm_HandSolder</footprint>
      <fields>
        <field name="LCSC">C15850</field>
      </fields>
      <libsource lib="Device" part="C" description="Unpolarized capacitor"/>
      <property name="LCSC" value="C15850"/>
      <property name="Sheetname" value=""/>
      <property name="Sheetfile" value="NE2Pi.kicad_sch"/>
      <sheetpath names="/" tstamps="/"/>
      <tstamps>241f5358-1081-4a98-8df1-62cd695031fd</tstamps>
    </comp>
    <comp ref="C3">
      <value>10µF 25V</value>
      <footprint>Capacitor_SMD:C_0805_2012Metric_Pad1.18x1.45mm_HandSolder</footprint>
      <fields>
        <field name="LCSC">C15850</field>
      </fields>
      <libsource lib="Device" part="C" description="Unpolarized capacitor"/>
      <property name="LCSC" value="C15850"/>
      <property name="Sheetname" value=""/>
      <property name="Sheetfile" value="NE2Pi.kicad_sch"/>
      <sheetpath names="/" tstamps="/"/>
      <tstamps>7f09ea28-74a1-434e-a0f3-4f59e496bc39</tstamps>
    </comp>
    <comp ref="C4">
      <value>680pF 50V</value>
      <footprint>Resistor_SMD:R_0805_2012Metric</footprint>
      <fields>
        <field name="LCSC">C53150</field>
      </fields>
      <libsource lib="Device" part="C" description="Unpolarized capacitor"/>
      <property name="LCSC" value="C53150"/>
      <property name="Sheetname" value=""/>
      <property name="Sheetfile" value="NE2Pi.kicad_sch"/>
      <sheetpath names="/" tstamps="/"/>
      <tstamps>00ce3789-9926-401d-8bff-c12bc1a35e9d</tstamps>
    </comp>
    <comp ref="C5">
      <value>10µF 25V</value>
      <footprint>Capacitor_SMD:C_0805_2012Metric_Pad1.18x1.45mm_HandSolder</footprint>
      <fields>
        <field name="LCSC">C15850</field>
      </fields>
      <libsource lib="Device" part="C" description="Unpolarized capacitor"/>
      <property name="LCSC" value="C15850"/>
      <property name="Sheetname" value=""/>
      <property name="Sheetfile" value="NE2Pi.kicad_sch"/>
      <sheetpath names="/" tstamps="/"/>
      <tstamps>8c14eab9-54f3-450c-b963-1930461ef304</tstamps>
    </comp>
    <comp ref="C6">
      <value>10µF 25V</value>
      <footprint>Capacitor_SMD:C_0805_2012Metric_Pad1.18x1.45mm_HandSolder</footprint>
      <fields>
        <field name="LCSC">C15850</field>
      </fields>
      <libsource lib="Device" part="C" description="Unpolarized capacitor"/>
      <property name="LCSC" value="C15850"/>
      <property name="Sheetname" value=""/>
      <property name="Sheetfile" value="NE2Pi.kicad_sch"/>
      <sheetpath names="/" tstamps="/"/>
      <tstamps>4ff7e87e-c0b3-4051-891d-de661290c9dd</tstamps>
    </comp>
    <comp ref="C7">
      <value>100nF 50V</value>
      <footprint>Capacitor_SMD:C_0805_2012Metric_Pad1.18x1.45mm_HandSolder</footprint>
      <fields>
        <field name="LCSC">C49678</field>
      </fields>
      <libsource lib="Device" part="C" description="Unpolarized capacitor"/>
      <property name="LCSC" value="C49678"/>
      <property name="Sheetname" value=""/>
      <property name="Sheetfile" value="NE2Pi.kicad_sch"/>
      <sheetpath names="/" tstamps="/"/>
      <tstamps>f69b836a-3829-477d-b899-f11e6d0e5eb6</tstamps>
    </comp>
    <comp ref="C8">
      <value>100nF 50V</value>
      <footprint>Capacitor_SMD:C_0805_2012Metric_Pad1.18x1.45mm_HandSolder</footprint>
      <fields>
        <field name="LCSC">C49678</field>
      </fields>
      <libsource lib="Device" part="C" description="Unpolarized capacitor"/>
      <property name="LCSC" value="C49678"/>
      <property name="Sheetname" value=""/>
      <property name="Sheetfile" value="NE2Pi.kicad_sch"/>
      <sheetpath names="/" tstamps="/"/>
      <tstamps>61d9db0b-3860-4611-a653-2616ef475bce</tstamps>
    </comp>
    <comp ref="C9">
      <value>1µF 50V</value>
      <footprint>Capacitor_SMD:C_1206_3216Metric</footprint>
      <fields>
        <field name="LCSC">C1848</field>
      </fields>
      <libsource lib="Device" part="C" description="Unpolarized capacitor"/>
      <property name="LCSC" value="C1848"/>
      <property name="Sheetname" value=""/>
      <property name="Sheetfile" value="NE2Pi.kicad_sch"/>
      <sheetpath names="/" tstamps="/"/>
      <tstamps>1e788314-ed94-4b31-b810-36db961b027e</tstamps>
    </comp>
    <comp ref="C10">
      <value>1µF 50V</value>
      <footprint>Capacitor_SMD:C_1206_3216Metric</footprint>
      <fields>
        <field name="LCSC">C1848</field>
      </fields>
      <libsource lib="Device" part="C" description="Unpolarized capacitor"/>
      <property name="LCSC" value="C1848"/>
      <property name="Sheetname" value=""/>
      <property name="Sheetfile" value="NE2Pi.kicad_sch"/>
      <sheetpath names="/" tstamps="/"/>
      <tstamps>0e0bd9a5-ec1e-4a7a-a38b-7ba39a2aa592</tstamps>
    </comp>
    <comp ref="D1">
      <value>SS210</value>
      <footprint>Diode_SMD:D_SMA</footprint>
      <fields>
        <field name="LCSC">C14996</field>
      </fields>
      <libsource lib="Device" part="D_Schottky" description="Schottky diode"/>
      <property name="LCSC" value="C14996"/>
      <property name="Sheetname" value=""/>
      <property name="Sheetfile" value="NE2Pi.kicad_sch"/>
      <sheetpath names="/" tstamps="/"/>
      <tstamps>2a5c523a-a20d-4596-9b9e-bfac364e60e9</tstamps>
    </comp>
    <comp ref="FB1">
      <value>500mA 300mΩ</value>
      <footprint>Inductor_SMD:L_0805_2012Metric_Pad1.05x1.20mm_HandSolder</footprint>
      <fields>
        <field name="LCSC">C1017</field>
      </fields>
      <libsource lib="Device" part="FerriteBead" description="Ferrite bead"/>
      <property name="LCSC" value="C1017"/>
      <property name="Sheetname" value=""/>
      <property name="Sheetfile" value="NE2Pi.kicad_sch"/>
      <sheetpath names="/" tstamps="/"/>
      <tstamps>e293366e-af1f-4943-bcc7-5c1e6ea89104</tstamps>
    </comp>
    <comp ref="FB2">
      <value>500mA 300mΩ</value>
      <footprint>Inductor_SMD:L_0805_2012Metric_Pad1.05x1.20mm_HandSolder</footprint>
      <fields>
        <field name="LCSC">C1017</field>
      </fields>
      <libsource lib="Device" part="FerriteBead" description="Ferrite bead"/>
      <property name="LCSC" value="C1017"/>
      <property name="Sheetname" value=""/>
      <property name="Sheetfile" value="NE2Pi.kicad_sch"/>
      <sheetpath names="/" tstamps="/"/>
      <tstamps>f4e88cee-2c9f-4a75-98a0-4a139da57162</tstamps>
    </comp>
    <comp ref="FB3">
      <value>500mA 300mΩ</value>
      <footprint>Inductor_SMD:L_0805_2012Metric_Pad1.05x1.20mm_HandSolder</footprint>
      <fields>
        <field name="LCSC">C1017</field>
      </fields>
      <libsource lib="Device" part="FerriteBead" description="Ferrite bead"/>
      <property name="LCSC" value="C1017"/>
      <property name="Sheetname" value=""/>
      <property name="Sheetfile" value="NE2Pi.kicad_sch"/>
      <sheetpath names="/" tstamps="/"/>
      <tstamps>5c0eac78-1091-4648-8608-faae9c617a2c</tstamps>
    </comp>
    <comp ref="H1">
      <value>MountingHole</value>
      <footprint>ToolingHole:ToolingHole_JLCSMT</footprint>
      <libsource lib="Mechanical" part="MountingHole" description="Mounting Hole without connection"/>
      <property name="Sheetname" value=""/>
      <property name="Sheetfile" value="NE2Pi.kicad_sch"/>
      <sheetpath names="/" tstamps="/"/>
      <tstamps>b056a379-2412-4b2e-b03e-03695edff906</tstamps>
    </comp>
    <comp ref="H2">
      <value>MountingHole</value>
      <footprint>ToolingHole:ToolingHole_JLCSMT</footprint>
      <libsource lib="Mechanical" part="MountingHole" description="Mounting Hole without connection"/>
      <property name="Sheetname" value=""/>
      <property name="Sheetfile" value="NE2Pi.kicad_sch"/>
      <sheetpath names="/" tstamps="/"/>
      <tstamps>4bcc7ec9-4fdf-4a4a-a48e-a7d15678dc49</tstamps>
    </comp>
    <comp ref="J1">
      <value>Raspberry_Pi_Header</value>
      <footprint>Connector_PinSocket_2.54mm:PinSocket_2x20_P2.54mm_Vertical</footprint>
      <fields>
        <field name="LCSC">C2977589</field>
      </fields>
      <libsource lib="Connector_Generic" part="Conn_02x20_Odd_Even" description="Generic connector, double row, 02x20, odd/even pin numbering scheme (row 1 odd numbers, row 2 even numbers), script generated (kicad-library-utils/schlib/autogen/connector/)"/>
      <property name="LCSC" value="C2977589"/>
      <property name="Sheetname" value=""/>
      <property name="Sheetfile" value="NE2Pi.kicad_sch"/>
      <sheetpath names="/" tstamps="/"/>
      <tstamps>0a414b2b-b79d-456f-baa1-00b72b4cdaed</tstamps>
    </comp>
    <comp ref="J2">
      <value>Raspberry_Pi_TV_Header</value>
      <footprint>Connector_PinSocket_2.54mm:PinSocket_2x02_P2.54mm_Vertical</footprint>
      <fields>
        <field name="LCSC">C2977590</field>
      </fields>
      <libsource lib="Connector_Generic" part="Conn_02x02_Odd_Even" description="Generic connector, double row, 02x02, odd/even pin numbering scheme (row 1 odd numbers, row 2 even numbers), script generated (kicad-library-utils/schlib/autogen/connector/)"/>
      <property name="LCSC" value="C2977590"/>
      <property name="Sheetname" value=""/>
      <property name="Sheetfile" value="NE2Pi.kicad_sch"/>
      <sheetpath names="/" tstamps="/"/>
      <tstamps>fc0c7fe2-c469-4c5c-95b1-ad21c7be7541</tstamps>
    </comp>
    <comp ref="J3">
      <value>FTDI_UART</value>
      <footprint>Connector_PinHeader_2.54mm:PinHeader_1x06_P2.54mm_Vertical</footprint>
      <libsource lib="Connector_Generic" part="Conn_01x06" description="Generic connector, single row, 01x06, script generated (kicad-library-utils/schlib/autogen/connector/)"/>
      <property name="Sheetname" value=""/>
      <property name="Sheetfile" value="NE2Pi.kicad_sch"/>
      <sheetpath names="/" tstamps="/"/>
      <tstamps>b3b3daac-b59d-40fe-962a-64e2d8eeda53</tstamps>
    </comp>
    <comp ref="J4">
      <value>Backplane Bottom</value>
      <footprint>Connector_PinSocket_2.54mm:PinSocket_1x08_P2.54mm_Horizontal</footprint>
      <fields>
        <field name="LCSC">C2833721</field>
      </fields>
      <libsource lib="Connector_Generic" part="Conn_01x08" description="Generic connector, single row, 01x08, script generated (kicad-library-utils/schlib/autogen/connector/)"/>
      <property name="LCSC" value="C2833721"/>
      <property name="Sheetname" value=""/>
      <property name="Sheetfile" value="NE2Pi.kicad_sch"/>
      <sheetpath names="/" tstamps="/"/>
      <tstamps>05689d2f-cd22-43d5-af77-23d23536e452</tstamps>
    </comp>
    <comp ref="J5">
      <value>Backplane Passthru</value>
      <footprint>Connector_PinHeader_2.54mm:PinHeader_1x08_P2.54mm_Horizontal</footprint>
      <fields>
        <field name="LCSC">C2833322</field>
      </fields>
      <libsource lib="Connector_Generic" part="Conn_01x08" description="Generic connector, single row, 01x08, script generated (kicad-library-utils/schlib/autogen/connector/)"/>
      <property name="LCSC" value="C2833322"/>
      <property name="Sheetname" value=""/>
      <property name="Sheetfile" value="NE2Pi.kicad_sch"/>
      <sheetpath names="/" tstamps="/"/>
      <tstamps>851b0579-5f25-4ef5-8dec-a9dab7b92d0c</tstamps>
    </comp>
    <comp ref="JP1">
      <value>Boost voltage supply</value>
      <footprint>Jumper:SolderJumper-2_P1.3mm_Bridged_Pad1.0x1.5mm</footprint>
      <libsource lib="Jumper" part="SolderJumper_2_Bridged" description="Solder Jumper, 2-pole, closed/bridged"/>
      <property name="Sheetname" value=""/>
      <property name="Sheetfile" value="NE2Pi.kicad_sch"/>
      <sheetpath names="/" tstamps="/"/>
      <tstamps>329e55b4-b2a3-4ced-946f-e6440a2c0601</tstamps>
    </comp>
    <comp ref="L1">
      <value>470uH 240mA</value>
      <footprint>Inductor_SMD:L_7.3x7.3_H3.5</footprint>
      <fields>
        <field name="LCSC">C718275</field>
      </fields>
      <libsource lib="Device" part="L" description="Inductor"/>
      <property name="LCSC" value="C718275"/>
      <property name="Sheetname" value=""/>
      <property name="Sheetfile" value="NE2Pi.kicad_sch"/>
      <sheetpath names="/" tstamps="/"/>
      <tstamps>165c1ce9-58f2-4fdc-8924-814bc23c1a52</tstamps>
    </comp>
    <comp ref="R1">
      <value>270R</value>
      <footprint>Resistor_SMD:R_0805_2012Metric_Pad1.20x1.40mm_HandSolder</footprint>
      <fields>
        <field name="LCSC">C17590</field>
      </fields>
      <libsource lib="Device" part="R" description="Resistor"/>
      <property name="LCSC" value="C17590"/>
      <property name="Sheetname" value=""/>
      <property name="Sheetfile" value="NE2Pi.kicad_sch"/>
      <sheetpath names="/" tstamps="/"/>
      <tstamps>e0b41649-c9ec-460d-aa55-e0196c9e8626</tstamps>
    </comp>
    <comp ref="R2">
      <value>75R</value>
      <footprint>Resistor_SMD:R_0805_2012Metric_Pad1.20x1.40mm_HandSolder</footprint>
      <fields>
        <field name="LCSC">C20638</field>
      </fields>
      <libsource lib="Device" part="R" description="Resistor"/>
      <property name="LCSC" value="C20638"/>
      <property name="Sheetname" value=""/>
      <property name="Sheetfile" value="NE2Pi.kicad_sch"/>
      <sheetpath names="/" tstamps="/"/>
      <tstamps>7f3d84ec-7556-42ae-adf5-aa5ee2bfde0a</tstamps>
    </comp>
    <comp ref="R3">
      <value>75R</value>
      <footprint>Resistor_SMD:R_0805_2012Metric_Pad1.20x1.40mm_HandSolder</footprint>
      <fields>
        <field name="LCSC">C20638</field>
      </fields>
      <libsource lib="Device" part="R" description="Resistor"/>
      <property name="LCSC" value="C20638"/>
      <property name="Sheetname" value=""/>
      <property name="Sheetfile" value="NE2Pi.kicad_sch"/>
      <sheetpath names="/" tstamps="/"/>
      <tstamps>9ca31bc1-84d1-4efe-b9e8-b4177bb9a6e1</tstamps>
    </comp>
    <comp ref="R4">
      <value>150R</value>
      <footprint>Resistor_SMD:R_0805_2012Metric_Pad1.20x1.40mm_HandSolder</footprint>
      <fields>
        <field name="LCSC">C17471</field>
      </fields>
      <libsource lib="Device" part="R" description="Resistor"/>
      <property name="LCSC" value="C17471"/>
      <property name="Sheetname" value=""/>
      <property name="Sheetfile" value="NE2Pi.kicad_sch"/>
      <sheetpath names="/" tstamps="/"/>
      <tstamps>39f4dccb-fd80-4d9b-aa7c-0809e402b337</tstamps>
    </comp>
    <comp ref="R5">
      <value>180R</value>
      <footprint>Resistor_SMD:R_0805_2012Metric</footprint>
      <fields>
        <field name="LCSC">C25270</field>
      </fields>
      <libsource lib="Device" part="R" description="Resistor"/>
      <property name="LCSC" value="C25270"/>
      <property name="Sheetname" value=""/>
      <property name="Sheetfile" value="NE2Pi.kicad_sch"/>
      <sheetpath names="/" tstamps="/"/>
      <tstamps>9818bd4c-72c9-408f-8ce3-fcc421207b60</tstamps>
    </comp>
    <comp ref="R6">
      <value>2R</value>
      <footprint>Resistor_SMD:R_0805_2012Metric</footprint>
      <fields>
        <field name="LCSC">C17606</field>
      </fields>
      <libsource lib="Device" part="R" description="Resistor"/>
      <property name="LCSC" value="C17606"/>
      <property name="Sheetname" value=""/>
      <property name="Sheetfile" value="NE2Pi.kicad_sch"/>
      <sheetpath names="/" tstamps="/"/>
      <tstamps>227054cd-530c-4440-afe2-22d258325188</tstamps>
    </comp>
    <comp ref="R7">
      <value>62k</value>
      <footprint>Resistor_SMD:R_0805_2012Metric</footprint>
      <fields>
        <field name="LCSC">C17783</field>
      </fields>
      <libsource lib="Device" part="R" description="Resistor"/>
      <property name="LCSC" value="C17783"/>
      <property name="Sheetname" value=""/>
      <property name="Sheetfile" value="NE2Pi.kicad_sch"/>
      <sheetpath names="/" tstamps="/"/>
      <tstamps>04d01eb7-676b-4114-ac15-9eb4f7dae398</tstamps>
    </comp>
    <comp ref="R8">
      <value>2.7k</value>
      <footprint>Resistor_SMD:R_0805_2012Metric</footprint>
      <fields>
        <field name="LCSC">C17530</field>
      </fields>
      <libsource lib="Device" part="R" description="Resistor"/>
      <property name="LCSC" value="C17530"/>
      <property name="Sheetname" value=""/>
      <property name="Sheetfile" value="NE2Pi.kicad_sch"/>
      <sheetpath names="/" tstamps="/"/>
      <tstamps>05bfe69c-bff9-42b9-9127-ac53a626471e</tstamps>
    </comp>
    <comp ref="TP1">
      <value>USB OTG Pins</value>
      <footprint>Connector_PinHeader_2.54mm:PinHeader_1x02_P2.54mm_Vertical</footprint>
      <libsource lib="Connector" part="TestPoint_2Pole" description="2-polar test point"/>
      <property name="Sheetname" value=""/>
      <property name="Sheetfile" value="NE2Pi.kicad_sch"/>
      <sheetpath names="/" tstamps="/"/>
      <tstamps>fa41bc10-e672-48a9-80b6-efa750b04f80</tstamps>
    </comp>
    <comp ref="U1">
      <value>MDLP3W104A</value>
      <footprint>ALPS_MDLP3W104A:ALPS_MDLP3W104A</footprint>
      <datasheet>https://www.pollin.de/productdownloads/D605067D.PDF</datasheet>
      <libsource lib="ALPS_MDLP3W104A" part="MDLP3W104A" description=""/>
      <property name="Sheetname" value=""/>
      <property name="Sheetfile" value="NE2Pi.kicad_sch"/>
      <sheetpath names="/" tstamps="/"/>
      <tstamps>3054dca9-6f5c-4a12-9201-5e4bbb03ac33</tstamps>
    </comp>
    <comp ref="U2">
      <value>RaspberryPi_Zero_Dummy</value>
      <footprint>RaspberryPiZero_Dummy:RaspberryPiZero_Dummy</footprint>
      <libsource lib="RaspberryPiZero" part="RaspberryPi_Zero_Dummy" description=""/>
      <property name="Sheetname" value=""/>
      <property name="Sheetfile" value="NE2Pi.kicad_sch"/>
      <sheetpath names="/" tstamps="/"/>
      <tstamps>32613975-ea2d-458f-a092-8f2ed600fa0e</tstamps>
    </comp>
    <comp ref="U3">
      <value>MC34063AD</value>
      <footprint>Package_SO:SOIC-8_3.9x4.9mm_P1.27mm</footprint>
      <datasheet>http://www.onsemi.com/pub_link/Collateral/MC34063A-D.PDF</datasheet>
      <fields>
        <field name="LCSC">C32078</field>
      </fields>
      <libsource lib="Regulator_Switching" part="MC34063AD" description="1.5A, step-up/down/inverting switching regulator, 3-40V Vin, 100kHz, SO-8"/>
      <property name="LCSC" value="C32078"/>
      <property name="Sheetname" value=""/>
      <property name="Sheetfile" value="NE2Pi.kicad_sch"/>
      <sheetpath names="/" tstamps="/"/>
      <tstamps>e69e4aa3-eb2d-4309-a155-ef777bc810ef</tstamps>
    </comp>
  </components>
  <libparts>
    <libpart lib="ALPS_MDLP3W104A" part="MDLP3W104A">
      <docs>https://www.pollin.de/productdownloads/D605067D.PDF</docs>
      <fields>
        <field name="Reference">U</field>
        <field name="Value">MDLP3W104A</field>
        <field name="Footprint">ALPS_MDLP3W104A:ALPS_MDLP3W104A</field>
        <field name="Datasheet">https://www.pollin.de/productdownloads/D605067D.PDF</field>
      </fields>
      <pins>
        <pin num="1" name="VIDEO_IN" type="input"/>
        <pin num="2" name="AUDIO_IN" type="input"/>
        <pin num="3" name="MODULATOR_VCC" type="power_in"/>
        <pin num="5" name="BOOSTER_VCC" type="power_in"/>
        <pin num="6" name="SDA" type="open_collector"/>
        <pin num="7" name="SCL" type="open_collector"/>
        <pin num="9" name="TUNING_VCC" type="power_in"/>
        <pin num="10" name="GND" type="power_in"/>
      </pins>
    </libpart>
    <libpart lib="Connector" part="TestPoint_2Pole">
      <description>2-polar test point</description>
      <docs>~</docs>
      <footprints>
        <fp>Pin*</fp>
        <fp>Test*</fp>
      </footprints>
      <fields>
        <field name="Reference">TP</field>
        <field name="Value">TestPoint_2Pole</field>
        <field name="Datasheet">~</field>
      </fields>
      <pins>
        <pin num="1" name="1" type="passive"/>
        <pin num="2" name="2" type="passive"/>
      </pins>
    </libpart>
    <libpart lib="Connector_Generic" part="Conn_01x06">
      <description>Generic connector, single row, 01x06, script generated (kicad-library-utils/schlib/autogen/connector/)</description>
      <docs>~</docs>
      <footprints>
        <fp>Connector*:*_1x??_*</fp>
      </footprints>
      <fields>
        <field name="Reference">J</field>
        <field name="Value">Conn_01x06</field>
        <field name="Datasheet">~</field>
      </fields>
      <pins>
        <pin num="1" name="Pin_1" type="passive"/>
        <pin num="2" name="Pin_2" type="passive"/>
        <pin num="3" name="Pin_3" type="passive"/>
        <pin num="4" name="Pin_4" type="passive"/>
        <pin num="5" name="Pin_5" type="passive"/>
        <pin num="6" name="Pin_6" type="passive"/>
      </pins>
    </libpart>
    <libpart lib="Connector_Generic" part="Conn_01x08">
      <description>Generic connector, single row, 01x08, script generated (kicad-library-utils/schlib/autogen/connector/)</description>
      <docs>~</docs>
      <footprints>
        <fp>Connector*:*_1x??_*</fp>
      </footprints>
      <fields>
        <field name="Reference">J</field>
        <field name="Value">Conn_01x08</field>
        <field name="Datasheet">~</field>
      </fields>
      <pins>
        <pin num="1" name="Pin_1" type="passive"/>
        <pin num="2" name="Pin_2" type="passive"/>
        <pin num="3" name="Pin_3" type="passive"/>
        <pin num="4" name="Pin_4" type="passive"/>
        <pin num="5" name="Pin_5" type="passive"/>
        <pin num="6" name="Pin_6" type="passive"/>
        <pin num="7" name="Pin_7" type="passive"/>
        <pin num="8" name="Pin_8" type="passive"/>
      </pins>
    </libpart>
    <libpart lib="Connector_Generic" part="Conn_02x02_Odd_Even">
      <description>Generic connector, double row, 02x02, odd/even pin numbering scheme (row 1 odd numbers, row 2 even numbers), script generated (kicad-library-utils/schlib/autogen/connector/)</description>
      <docs>~</docs>
      <footprints>
        <fp>Connector*:*_2x??_*</fp>
      </footprints>
      <fields>
        <field name="Reference">J</field>
        <field name="Value">Conn_02x02_Odd_Even</field>
        <field name="Datasheet">~</field>
      </fields>
      <pins>
        <pin num="1" name="Pin_1" type="passive"/>
        <pin num="2" name="Pin_2" type="passive"/>
        <pin num="3" name="Pin_3" type="passive"/>
        <pin num="4" name="Pin_4" type="passive"/>
      </pins>
    </libpart>
    <libpart lib="Connector_Generic" part="Conn_02x20_Odd_Even">
      <description>Generic connector, double row, 02x20, odd/even pin numbering scheme (row 1 odd numbers, row 2 even numbers), script generated (kicad-library-utils/schlib/autogen/connector/)</description>
      <docs>~</docs>
      <footprints>
        <fp>Connector*:*_2x??_*</fp>
      </footprints>
      <fields>
        <field name="Reference">J</field>
        <field name="Value">Conn_02x20_Odd_Even</field>
        <field name="Datasheet">~</field>
      </fields>
      <pins>
        <pin num="1" name="Pin_1" type="passive"/>
        <pin num="2" name="Pin_2" type="passive"/>
        <pin num="3" name="Pin_3" type="passive"/>
        <pin num="4" name="Pin_4" type="passive"/>
        <pin num="5" name="Pin_5" type="passive"/>
        <pin num="6" name="Pin_6" type="passive"/>
        <pin num="7" name="Pin_7" type="passive"/>
        <pin num="8" name="Pin_8" type="passive"/>
        <pin num="9" name="Pin_9" type="passive"/>
        <pin num="10" name="Pin_10" type="passive"/>
        <pin num="11" name="Pin_11" type="passive"/>
        <pin num="12" name="Pin_12" type="passive"/>
        <pin num="13" name="Pin_13" type="passive"/>
        <pin num="14" name="Pin_14" type="passive"/>
        <pin num="15" name="Pin_15" type="passive"/>
        <pin num="16" name="Pin_16" type="passive"/>
        <pin num="17" name="Pin_17" type="passive"/>
        <pin num="18" name="Pin_18" type="passive"/>
        <pin num="19" name="Pin_19" type="passive"/>
        <pin num="20" name="Pin_20" type="passive"/>
        <pin num="21" name="Pin_21" type="passive"/>
        <pin num="22" name="Pin_22" type="passive"/>
        <pin num="23" name="Pin_23" type="passive"/>
        <pin num="24" name="Pin_24" type="passive"/>
        <pin num="25" name="Pin_25" type="passive"/>
        <pin num="26" name="Pin_26" type="passive"/>
        <pin num="27" name="Pin_27" type="passive"/>
        <pin num="28" name="Pin_28" type="passive"/>
        <pin num="29" name="Pin_29" type="passive"/>
        <pin num="30" name="Pin_30" type="passive"/>
        <pin num="31" name="Pin_31" type="passive"/>
        <pin num="32" name="Pin_32" type="passive"/>
        <pin num="33" name="Pin_33" type="passive"/>
        <pin num="34" name="Pin_34" type="passive"/>
        <pin num="35" name="Pin_35" type="passive"/>
        <pin num="36" name="Pin_36" type="passive"/>
        <pin num="37" name="Pin_37" type="passive"/>
        <pin num="38" name="Pin_38" type="passive"/>
        <pin num="39" name="Pin_39" type="passive"/>
        <pin num="40" name="Pin_40" type="passive"/>
      </pins>
    </libpart>
    <libpart lib="Device" part="C">
      <description>Unpolarized capacitor</description>
      <docs>~</docs>
      <footprints>
        <fp>C_*</fp>
      </footprints>
      <fields>
        <field name="Reference">C</field>
        <field name="Value">C</field>
        <field name="Datasheet">~</field>
      </fields>
      <pins>
        <pin num="1" name="" type="passive"/>
        <pin num="2" name="" type="passive"/>
      </pins>
    </libpart>
    <libpart lib="Device" part="D_Schottky">
      <description>Schottky diode</description>
      <docs>~</docs>
      <footprints>
        <fp>TO-???*</fp>
        <fp>*_Diode_*</fp>
        <fp>*SingleDiode*</fp>
        <fp>D_*</fp>
      </footprints>
      <fields>
        <field name="Reference">D</field>
        <field name="Value">D_Schottky</field>
        <field name="Datasheet">~</field>
      </fields>
      <pins>
        <pin num="1" name="K" type="passive"/>
        <pin num="2" name="A" type="passive"/>
      </pins>
    </libpart>
    <libpart lib="Device" part="FerriteBead">
      <description>Ferrite bead</description>
      <docs>~</docs>
      <footprints>
        <fp>Inductor_*</fp>
        <fp>L_*</fp>
        <fp>*Ferrite*</fp>
      </footprints>
      <fields>
        <field name="Reference">FB</field>
        <field name="Value">FerriteBead</field>
        <field name="Datasheet">~</field>
      </fields>
      <pins>
        <pin num="1" name="" type="passive"/>
        <pin num="2" name="" type="passive"/>
      </pins>
    </libpart>
    <libpart lib="Device" part="L">
      <description>Inductor</description>
      <docs>~</docs>
      <footprints>
        <fp>Choke_*</fp>
        <fp>*Coil*</fp>
        <fp>Inductor_*</fp>
        <fp>L_*</fp>
      </footprints>
      <fields>
        <field name="Reference">L</field>
        <field name="Value">L</field>
        <field name="Datasheet">~</field>
      </fields>
      <pins>
        <pin num="1" name="1" type="passive"/>
        <pin num="2" name="2" type="passive"/>
      </pins>
    </libpart>
    <libpart lib="Device" part="R">
      <description>Resistor</description>
      <docs>~</docs>
      <footprints>
        <fp>R_*</fp>
      </footprints>
      <fields>
        <field name="Reference">R</field>
        <field name="Value">R</field>
        <field name="Datasheet">~</field>
      </fields>
      <pins>
        <pin num="1" name="" type="passive"/>
        <pin num="2" name="" type="passive"/>
      </pins>
    </libpart>
    <libpart lib="Jumper" part="SolderJumper_2_Bridged">
      <description>Solder Jumper, 2-pole, closed/bridged</description>
      <docs>~</docs>
      <footprints>
        <fp>SolderJumper*Bridged*</fp>
      </footprints>
      <fields>
        <field name="Reference">JP</field>
        <field name="Value">SolderJumper_2_Bridged</field>
        <field name="Datasheet">~</field>
      </fields>
      <pins>
        <pin num="1" name="A" type="passive"/>
        <pin num="2" name="B" type="passive"/>
      </pins>
    </libpart>
    <libpart lib="Mechanical" part="MountingHole">
      <description>Mounting Hole without connection</description>
      <docs>~</docs>
      <footprints>
        <fp>MountingHole*</fp>
      </footprints>
      <fields>
        <field name="Reference">H</field>
        <field name="Value">MountingHole</field>
        <field name="Datasheet">~</field>
      </fields>
    </libpart>
    <libpart lib="RaspberryPiZero" part="RaspberryPi_Zero_Dummy">
      <fields>
        <field name="Reference">U</field>
        <field name="Value">RaspberryPi_Zero_Dummy</field>
        <field name="Footprint">RaspberryPiZero_Dummy:RaspberryPiZero_Dummy</field>
      </fields>
    </libpart>
    <libpart lib="Regulator_Switching" part="MC34063AD">
      <description>1.5A, step-up/down/inverting switching regulator, 3-40V Vin, 100kHz, SO-8</description>
      <docs>http://www.onsemi.com/pub_link/Collateral/MC34063A-D.PDF</docs>
      <footprints>
        <fp>SOIC*3.9x4.9mm*P1.27mm*</fp>
      </footprints>
      <fields>
        <field name="Reference">U</field>
        <field name="Value">MC34063AD</field>
        <field name="Footprint">Package_SO:SOIC-8_3.9x4.9mm_P1.27mm</field>
        <field name="Datasheet">http://www.onsemi.com/pub_link/Collateral/MC34063A-D.PDF</field>
      </fields>
      <pins>
        <pin num="1" name="SwC" type="open_collector"/>
        <pin num="2" name="SwE" type="open_emitter"/>
        <pin num="3" name="TC" type="passive"/>
        <pin num="4" name="GND" type="power_in"/>
        <pin num="5" name="Vfb" type="input"/>
        <pin num="6" name="Vin" type="power_in"/>
        <pin num="7" name="Ipk" type="input"/>
        <pin num="8" name="DC" type="open_collector"/>
      </pins>
    </libpart>
  </libparts>
  <libraries>
    <library logical="ALPS_MDLP3W104A">
      <uri>/Users/tobias/Entwicklung/NE2Pi/ALPS_MDLP3W104A.kicad_sym</uri>
    </library>
    <library logical="Connector">
      <uri>/Applications/KiCad/KiCad.app/Contents/SharedSupport/symbols//Connector.kicad_sym</uri>
    </library>
    <library logical="Connector_Generic">
      <uri>/Applications/KiCad/KiCad.app/Contents/SharedSupport/symbols//Connector_Generic.kicad_sym</uri>
    </library>
    <library logical="Device">
      <uri>/Applications/KiCad/KiCad.app/Contents/SharedSupport/symbols//Device.kicad_sym</uri>
    </library>
    <library logical="Jumper">
      <uri>/Applications/KiCad/KiCad.app/Contents/SharedSupport/symbols//Jumper.kicad_sym</uri>
    </library>
    <library logical="Mechanical">
      <uri>/Applications/KiCad/KiCad.app/Contents/SharedSupport/symbols//Mechanical.kicad_sym</uri>
    </library>
    <library logical="RaspberryPiZero">
      <uri>/Users/tobias/Entwicklung/NE2Pi/RaspberryPiZero.kicad_sym</uri>
    </library>
    <library logical="Regulator_Switching">
      <uri>/Applications/KiCad/KiCad.app/Contents/SharedSupport/symbols//Regulator_Switching.kicad_sym</uri>
    </library>
  </libraries>
  <nets>
    <net code="1" name="+5V">
      <node ref="C3" pin="2" pintype="passive"/>
      <node ref="FB1" pin="1" pintype="passive"/>
      <node ref="FB2" pin="1" pintype="passive"/>
      <node ref="J1" pin="2" pinfunction="Pin_2" pintype="passive"/>
      <node ref="J1" pin="4" pinfunction="Pin_4" pintype="passive"/>
      <node ref="J4" pin="1" pinfunction="Pin_1" pintype="passive"/>
      <node ref="J4" pin="2" pinfunction="Pin_2" pintype="passive"/>
      <node ref="J5" pin="1" pinfunction="Pin_1" pintype="passive"/>
      <node ref="J5" pin="2" pinfunction="Pin_2" pintype="passive"/>
      <node ref="R6" pin="1" pintype="passive"/>
      <node ref="U3" pin="6" pinfunction="Vin" pintype="power_in"/>
    </net>
    <net code="2" name="+28V">
      <node ref="FB3" pin="2" pintype="passive"/>
      <node ref="U1" pin="9" pinfunction="TUNING_VCC" pintype="power_in"/>
    </net>
    <net code="3" name="/AUDIO_IN">
      <node ref="C2" pin="2" pintype="passive"/>
      <node ref="U1" pin="2" pinfunction="AUDIO_IN" pintype="input"/>
    </net>
    <net code="4" name="/FTDI_RXD">
      <node ref="J1" pin="8" pinfunction="Pin_8" pintype="passive"/>
      <node ref="J3" pin="5" pinfunction="Pin_5" pintype="passive"/>
    </net>
    <net code="5" name="/FTDI_TXD">
      <node ref="J1" pin="10" pinfunction="Pin_10" pintype="passive"/>
      <node ref="J3" pin="4" pinfunction="Pin_4" pintype="passive"/>
    </net>
    <net code="6" name="/RPI_COMPOSITE_OUT">
      <node ref="J2" pin="1" pinfunction="Pin_1" pintype="passive"/>
      <node ref="R2" pin="1" pintype="passive"/>
    </net>
    <net code="7" name="/RPI_D+">
      <node ref="J4" pin="3" pinfunction="Pin_3" pintype="passive"/>
      <node ref="TP1" pin="2" pinfunction="2" pintype="passive"/>
    </net>
    <net code="8" name="/RPI_D-">
      <node ref="J4" pin="4" pinfunction="Pin_4" pintype="passive"/>
      <node ref="TP1" pin="1" pinfunction="1" pintype="passive"/>
    </net>
    <net code="9" name="/RPI_PASSTHRU_D+">
      <node ref="J4" pin="5" pinfunction="Pin_5" pintype="passive"/>
      <node ref="J5" pin="3" pinfunction="Pin_3" pintype="passive"/>
    </net>
    <net code="10" name="/RPI_PASSTHRU_D-">
      <node ref="J4" pin="6" pinfunction="Pin_6" pintype="passive"/>
      <node ref="J5" pin="4" pinfunction="Pin_4" pintype="passive"/>
    </net>
    <net code="11" name="/RPI_PWM1">
      <node ref="J1" pin="33" pinfunction="Pin_33" pintype="passive"/>
      <node ref="R1" pin="1" pintype="passive"/>
    </net>
    <net code="12" name="/RPI_SCL">
      <node ref="J1" pin="5" pinfunction="Pin_5" pintype="passive"/>
      <node ref="U1" pin="7" pinfunction="SCL" pintype="open_collector"/>
    </net>
    <net code="13" name="/RPI_SDA">
      <node ref="J1" pin="3" pinfunction="Pin_3" pintype="passive"/>
      <node ref="U1" pin="6" pinfunction="SDA" pintype="open_collector"/>
    </net>
    <net code="14" name="/SW_FEEDBACK">
      <node ref="R7" pin="1" pintype="passive"/>
      <node ref="R8" pin="2" pintype="passive"/>
      <node ref="U3" pin="5" pinfunction="Vfb" pintype="input"/>
    </net>
    <net code="15" name="GND">
      <node ref="C1" pin="2" pintype="passive"/>
      <node ref="C10" pin="2" pintype="passive"/>
      <node ref="C3" pin="1" pintype="passive"/>
      <node ref="C4" pin="1" pintype="passive"/>
      <node ref="C5" pin="2" pintype="passive"/>
      <node ref="C6" pin="2" pintype="passive"/>
      <node ref="C7" pin="2" pintype="passive"/>
      <node ref="C8" pin="2" pintype="passive"/>
      <node ref="C9" pin="2" pintype="passive"/>
      <node ref="J1" pin="20" pinfunction="Pin_20" pintype="passive"/>
      <node ref="J1" pin="25" pinfunction="Pin_25" pintype="passive"/>
      <node ref="J1" pin="30" pinfunction="Pin_30" pintype="passive"/>
      <node ref="J1" pin="34" pinfunction="Pin_34" pintype="passive"/>
      <node ref="J1" pin="39" pinfunction="Pin_39" pintype="passive"/>
      <node ref="J1" pin="6" pinfunction="Pin_6" pintype="passive"/>
      <node ref="J1" pin="9" pinfunction="Pin_9" pintype="passive"/>
      <node ref="J2" pin="2" pinfunction="Pin_2" pintype="passive"/>
      <node ref="J3" pin="1" pinfunction="Pin_1" pintype="passive"/>
      <node ref="J4" pin="7" pinfunction="Pin_7" pintype="passive"/>
      <node ref="J4" pin="8" pinfunction="Pin_8" pintype="passive"/>
      <node ref="J5" pin="7" pinfunction="Pin_7" pintype="passive"/>
      <node ref="J5" pin="8" pinfunction="Pin_8" pintype="passive"/>
      <node ref="R3" pin="1" pintype="passive"/>
      <node ref="R4" pin="1" pintype="passive"/>
      <node ref="R8" pin="1" pintype="passive"/>
      <node ref="U1" pin="10" pinfunction="GND" pintype="power_in"/>
      <node ref="U3" pin="2" pinfunction="SwE" pintype="open_emitter"/>
      <node ref="U3" pin="4" pinfunction="GND" pintype="power_in"/>
    </net>
    <net code="16" name="Net-(C1-Pad1)">
      <node ref="C1" pin="1" pintype="passive"/>
      <node ref="C2" pin="1" pintype="passive"/>
      <node ref="R1" pin="2" pintype="passive"/>
      <node ref="R4" pin="2" pintype="passive"/>
    </net>
    <net code="17" name="Net-(C4-Pad2)">
      <node ref="C4" pin="2" pintype="passive"/>
      <node ref="U3" pin="3" pinfunction="TC" pintype="passive"/>
    </net>
    <net code="18" name="Net-(C5-Pad1)">
      <node ref="C5" pin="1" pintype="passive"/>
      <node ref="C7" pin="1" pintype="passive"/>
      <node ref="FB1" pin="2" pintype="passive"/>
      <node ref="U1" pin="3" pinfunction="MODULATOR_VCC" pintype="power_in"/>
    </net>
    <net code="19" name="Net-(C6-Pad1)">
      <node ref="C6" pin="1" pintype="passive"/>
      <node ref="C8" pin="1" pintype="passive"/>
      <node ref="FB2" pin="2" pintype="passive"/>
      <node ref="JP1" pin="1" pinfunction="A" pintype="passive"/>
    </net>
    <net code="20" name="Net-(C10-Pad1)">
      <node ref="C10" pin="1" pintype="passive"/>
      <node ref="C9" pin="1" pintype="passive"/>
      <node ref="D1" pin="1" pinfunction="K" pintype="passive"/>
      <node ref="FB3" pin="1" pintype="passive"/>
      <node ref="R7" pin="2" pintype="passive"/>
    </net>
    <net code="21" name="Net-(D1-Pad2)">
      <node ref="D1" pin="2" pinfunction="A" pintype="passive"/>
      <node ref="L1" pin="1" pinfunction="1" pintype="passive"/>
      <node ref="U3" pin="1" pinfunction="SwC" pintype="open_collector"/>
    </net>
    <net code="22" name="Net-(JP1-Pad2)">
      <node ref="JP1" pin="2" pinfunction="B" pintype="passive"/>
      <node ref="U1" pin="5" pinfunction="BOOSTER_VCC" pintype="power_in"/>
    </net>
    <net code="23" name="Net-(L1-Pad2)">
      <node ref="L1" pin="2" pinfunction="2" pintype="passive"/>
      <node ref="R5" pin="2" pintype="passive"/>
      <node ref="R6" pin="2" pintype="passive"/>
      <node ref="U3" pin="7" pinfunction="Ipk" pintype="input"/>
    </net>
    <net code="24" name="Net-(R2-Pad2)">
      <node ref="R2" pin="2" pintype="passive"/>
      <node ref="R3" pin="2" pintype="passive"/>
      <node ref="U1" pin="1" pinfunction="VIDEO_IN" pintype="input"/>
    </net>
    <net code="25" name="Net-(R5-Pad1)">
      <node ref="R5" pin="1" pintype="passive"/>
      <node ref="U3" pin="8" pinfunction="DC" pintype="open_collector"/>
    </net>
    <net code="26" name="unconnected-(J1-Pad1)">
      <node ref="J1" pin="1" pinfunction="Pin_1" pintype="passive"/>
    </net>
    <net code="27" name="unconnected-(J1-Pad7)">
      <node ref="J1" pin="7" pinfunction="Pin_7" pintype="passive"/>
    </net>
    <net code="28" name="unconnected-(J1-Pad11)">
      <node ref="J1" pin="11" pinfunction="Pin_11" pintype="passive"/>
    </net>
    <net code="29" name="unconnected-(J1-Pad12)">
      <node ref="J1" pin="12" pinfunction="Pin_12" pintype="passive"/>
    </net>
    <net code="30" name="unconnected-(J1-Pad13)">
      <node ref="J1" pin="13" pinfunction="Pin_13" pintype="passive"/>
    </net>
    <net code="31" name="unconnected-(J1-Pad14)">
      <node ref="J1" pin="14" pinfunction="Pin_14" pintype="passive"/>
    </net>
    <net code="32" name="unconnected-(J1-Pad15)">
      <node ref="J1" pin="15" pinfunction="Pin_15" pintype="passive"/>
    </net>
    <net code="33" name="unconnected-(J1-Pad16)">
      <node ref="J1" pin="16" pinfunction="Pin_16" pintype="passive"/>
    </net>
    <net code="34" name="unconnected-(J1-Pad17)">
      <node ref="J1" pin="17" pinfunction="Pin_17" pintype="passive"/>
    </net>
    <net code="35" name="unconnected-(J1-Pad18)">
      <node ref="J1" pin="18" pinfunction="Pin_18" pintype="passive"/>
    </net>
    <net code="36" name="unconnected-(J1-Pad19)">
      <node ref="J1" pin="19" pinfunction="Pin_19" pintype="passive"/>
    </net>
    <net code="37" name="unconnected-(J1-Pad21)">
      <node ref="J1" pin="21" pinfunction="Pin_21" pintype="passive"/>
    </net>
    <net code="38" name="unconnected-(J1-Pad22)">
      <node ref="J1" pin="22" pinfunction="Pin_22" pintype="passive"/>
    </net>
    <net code="39" name="unconnected-(J1-Pad23)">
      <node ref="J1" pin="23" pinfunction="Pin_23" pintype="passive"/>
    </net>
    <net code="40" name="unconnected-(J1-Pad24)">
      <node ref="J1" pin="24" pinfunction="Pin_24" pintype="passive"/>
    </net>
    <net code="41" name="unconnected-(J1-Pad26)">
      <node ref="J1" pin="26" pinfunction="Pin_26" pintype="passive"/>
    </net>
    <net code="42" name="unconnected-(J1-Pad27)">
      <node ref="J1" pin="27" pinfunction="Pin_27" pintype="passive"/>
    </net>
    <net code="43" name="unconnected-(J1-Pad28)">
      <node ref="J1" pin="28" pinfunction="Pin_28" pintype="passive"/>
    </net>
    <net code="44" name="unconnected-(J1-Pad29)">
      <node ref="J1" pin="29" pinfunction="Pin_29" pintype="passive"/>
    </net>
    <net code="45" name="unconnected-(J1-Pad31)">
      <node ref="J1" pin="31" pinfunction="Pin_31" pintype="passive"/>
    </net>
    <net code="46" name="unconnected-(J1-Pad32)">
      <node ref="J1" pin="32" pinfunction="Pin_32" pintype="passive"/>
    </net>
    <net code="47" name="unconnected-(J1-Pad35)">
      <node ref="J1" pin="35" pinfunction="Pin_35" pintype="passive"/>
    </net>
    <net code="48" name="unconnected-(J1-Pad36)">
      <node ref="J1" pin="36" pinfunction="Pin_36" pintype="passive"/>
    </net>
    <net code="49" name="unconnected-(J1-Pad37)">
      <node ref="J1" pin="37" pinfunction="Pin_37" pintype="passive"/>
    </net>
    <net code="50" name="unconnected-(J1-Pad38)">
      <node ref="J1" pin="38" pinfunction="Pin_38" pintype="passive"/>
    </net>
    <net code="51" name="unconnected-(J1-Pad40)">
      <node ref="J1" pin="40" pinfunction="Pin_40" pintype="passive"/>
    </net>
    <net code="52" name="unconnected-(J2-Pad3)">
      <node ref="J2" pin="3" pinfunction="Pin_3" pintype="passive"/>
    </net>
    <net code="53" name="unconnected-(J2-Pad4)">
      <node ref="J2" pin="4" pinfunction="Pin_4" pintype="passive"/>
    </net>
    <net code="54" name="unconnected-(J3-Pad2)">
      <node ref="J3" pin="2" pinfunction="Pin_2" pintype="passive"/>
    </net>
    <net code="55" name="unconnected-(J3-Pad3)">
      <node ref="J3" pin="3" pinfunction="Pin_3" pintype="passive"/>
    </net>
    <net code="56" name="unconnected-(J3-Pad6)">
      <node ref="J3" pin="6" pinfunction="Pin_6" pintype="passive"/>
    </net>
    <net code="57" name="unconnected-(J5-Pad5)">
      <node ref="J5" pin="5" pinfunction="Pin_5" pintype="passive+no_connect"/>
    </net>
    <net code="58" name="unconnected-(J5-Pad6)">
      <node ref="J5" pin="6" pinfunction="Pin_6" pintype="passive+no_connect"/>
    </net>
  </nets>
</export>
